对比结果,测试异动序号,vv异动序号,时间戳,时间
vv少算的,2,,1698114797875,2023-10-24 10:33:17
vv少算的,9,,1698131500710,2023-10-24 15:11:40
vv少算的,10,,1698132059285,2023-10-24 15:20:59
vv少算的,11,,1698133831349,2023-10-24 15:50:31
vv少算的,12,,1698134121109,2023-10-24 15:55:21
vv多算的,,8,1698132085648,2023-10-24 15:21:25
两边都有的,1,1,1698114561939,2023-10-24 10:29:21
两边都有的,3,2,1698115651686,2023-10-24 10:47:31
两边都有的,4,3,1698116960285,2023-10-24 11:09:20
两边都有的,5,4,1698117285132,2023-10-24 11:14:45
两边都有的,6,5,1698117417666,2023-10-24 11:16:57
两边都有的,7,6,1698129816332,2023-10-24 14:43:36
两边都有的,8,7,1698130750275,2023-10-24 14:59:10
